id,site,first,last,token,segment,dur,logdur,birthyear,race_recode
NA,BAK,NA,NA,caught,AO1,0.155387,-1.86183649963153,1967,redacted
NA,BAK,NA,NA,cot,AA1,0.07851,-2.54452927377197,1959,abi
NA,BAK,NA,NA,cot,AA1,0.257185,-1.35795960869262,1948,aawhite
NA,BAK,NA,NA,caught,AO1,0.124509,-2.08337727653348,1989,redacted
NA,BAK,NA,NA,caught,AO1,0.073045,-2.61667958939766,1990,aawhite
NA,BAK,NA,NA,caught,AO1,0.104034,-2.26303751019155,1922,aawhite
NA,HUM,NA,NA,caught,AO1,0.208089,-1.56978940618195,1997,aawhite
NA,HUM,NA,NA,cot,AA1,0.186616,-1.67870224933588,1957,aawhite
NA,HUM,NA,NA,cot,AA1,0.174209,-1.74749955114515,1949,aawhite
NA,HUM,NA,NA,caught,AO1,0.12,-2.12026353620009,1969,redacted
NA,HUM,NA,NA,cot,AA1,0.145095,-1.93036657867952,1980,aawhite
NA,RDL,NA,NA,cot,AA1,0.201231,-1.60330177707825,1985,aawhite
NA,RDL,NA,NA,caught,AA1,0.31427,-1.15750278994108,1944,aawhite
NA,RDL,NA,NA,cot,AA1,0.205322,-1.58317580044521,1983,aawhite
NA,RDL,NA,NA,cot,AA1,0.095498,-2.34864997412312,1999,redacted
NA,RDL,NA,NA,caught,AA1,0.149909,-1.89772683564923,2000,aawhite
NA,RDL,NA,NA,caught,AA1,0.173685,-1.75051196524979,2000,abi
NA,RDL,NA,NA,caught,AA1,0.195119,-1.63414565013886,1938,aawhite
NA,SAC,NA,NA,caught,AO1,0.080654,-2.51758687861663,1964,aawhite
NA,SAC,NA,NA,caught,AO1,0.100486,-2.29773686466922,1952,aawhite
NA,SAC,NA,NA,caught,AO1,0.111809,-2.19096322060671,1945,aawhite
NA,SAC,NA,NA,cot,AA1,0.254704,-1.36765319236936,1957,aawhite
NA,SAL,NA,NA,cot,AA1,0.355992,-1.03284702029272,1941,abi
NA,SAL,NA,NA,cot,AA1,0.175143,-1.74215249588094,1989,redacted
NA,SAL,NA,NA,caught,AO1,0.06489,-2.73506175034906,1952,redacted
NA,BAK,NA,NA,cot,AA1,0.19,-1.66073120682165,1969,aawhite
NA,BAK,NA,NA,caught,AO1,0.21,-1.56064774826467,1969,aawhite
NA,BAK,NA,NA,cot,AA1,0.17,-1.77195684193188,1982,abi
NA,BAK,NA,NA,caught,AO1,0.18,-1.71479842809193,1982,abi
NA,BAK,NA,NA,cot,AA1,0.13,-2.04022082852655,1972,redacted
NA,BAK,NA,NA,caught,AO1,0.17,-1.77195684193188,1972,redacted
NA,BAK,NA,NA,cot,AA1,0.3,-1.20397280432594,1932,aawhite
NA,BAK,NA,NA,caught,AO1,0.32,-1.13943428318836,1932,aawhite
NA,BAK,NA,NA,cot,AA1,0.24,-1.42711635564015,1947,aawhite
NA,BAK,NA,NA,caught,AO1,0.21,-1.56064774826467,1947,aawhite
NA,BAK,NA,NA,cot,AA1,0.32,-1.13943428318836,1982,aawhite
NA,BAK,NA,NA,caught,AO1,0.27,-1.30933331998376,1982,aawhite
NA,BAK,NA,NA,cot,AA1,0.189,-1.66600826392249,1950,aawhite
NA,BAK,NA,NA,caught,AO1,0.2,-1.6094379124341,1950,aawhite
NA,BAK,NA,NA,cot,AA1,0.27,-1.30933331998376,1984,aawhite
NA,BAK,NA,NA,caught,AO1,0.21,-1.56064774826467,1984,aawhite
NA,BAK,NA,NA,cot,AA1,0.17,-1.77195684193188,1965,redacted
NA,BAK,NA,NA,caught,AO1,0.201,-1.60445037092306,1965,redacted
NA,BAK,NA,NA,cot,AA1,0.24,-1.42711635564015,1958,aawhite
NA,BAK,NA,NA,caught,AO1,0.27,-1.30933331998376,1958,aawhite
NA,BAK,NA,NA,cot,AA1,0.29,-1.23787435600162,1948,aawhite
NA,BAK,NA,NA,caught,AO1,0.21,-1.56064774826467,1948,aawhite
NA,BAK,NA,NA,cot,AA1,0.26,-1.34707364796661,1988,aawhite
NA,BAK,NA,NA,caught,AO1,0.24,-1.42711635564015,1988,aawhite
NA,BAK,NA,NA,cot,AA1,0.241,-1.42295834549148,1958,aawhite
NA,BAK,NA,NA,caught,AO1,0.241,-1.42295834549148,1958,aawhite
NA,BAK,NA,NA,cot,AA1,0.31,-1.17118298150295,1970,redacted
NA,BAK,NA,NA,caught,AO1,0.19,-1.66073120682165,1970,redacted
NA,BAK,NA,NA,cot,AA1,0.201,-1.60445037092306,1967,redacted
NA,BAK,NA,NA,cot,AA1,0.17,-1.77195684193188,1988,abi
NA,BAK,NA,NA,caught,AO1,0.209,-1.56542102701733,1988,abi
NA,BAK,NA,NA,cot,AA1,0.26,-1.34707364796661,1952,aawhite
NA,BAK,NA,NA,caught,AO1,0.259,-1.3509272172826,1952,aawhite
NA,BAK,NA,NA,cot,AA1,0.26,-1.34707364796661,1978,aawhite
NA,BAK,NA,NA,caught,AO1,0.25,-1.38629436111989,1978,aawhite
NA,BAK,NA,NA,cot,AA1,0.25,-1.38629436111989,1991,redacted
NA,BAK,NA,NA,caught,AO1,0.17,-1.77195684193188,1991,redacted
NA,BAK,NA,NA,cot,AA1,0.28,-1.27296567581289,1957,aawhite
NA,BAK,NA,NA,caught,AO1,0.21,-1.56064774826467,1957,aawhite
NA,BAK,NA,NA,cot,AA1,0.28,-1.27296567581289,1954,redacted
NA,BAK,NA,NA,caught,AO1,0.23,-1.46967597005894,1954,redacted
NA,BAK,NA,NA,cot,AA1,0.34,-1.07880966137193,1994,redacted
NA,BAK,NA,NA,caught,AO1,0.19,-1.66073120682165,1994,redacted
NA,BAK,NA,NA,cot,AA1,0.331,-1.10563690360507,1952,redacted
NA,BAK,NA,NA,caught,AO1,0.2,-1.6094379124341,1952,redacted
NA,BAK,NA,NA,cot,AA1,0.259,-1.3509272172826,1961,abi
NA,BAK,NA,NA,caught,AO1,0.28,-1.27296567581289,1961,abi
NA,BAK,NA,NA,cot,AA1,0.259,-1.3509272172826,1967,abi
NA,BAK,NA,NA,cot,AA1,0.28,-1.27296567581289,1983,aawhite
NA,BAK,NA,NA,caught,AO1,0.21,-1.56064774826467,1983,aawhite
NA,BAK,NA,NA,cot,AA1,0.27,-1.30933331998376,1969,abi
NA,BAK,NA,NA,caught,AO1,0.22,-1.51412773262978,1969,abi
NA,BAK,NA,NA,caught,AO1,0.179,-1.72036947314138,1954,abi
NA,BAK,NA,NA,cot,AA1,0.27,-1.30933331998376,1941,abi
NA,BAK,NA,NA,caught,AO1,0.311,-1.1679623668029,1941,abi
NA,BAK,NA,NA,cot,AA1,0.27,-1.30933331998376,1941,abi
NA,BAK,NA,NA,caught,AO1,0.16,-1.83258146374831,1941,abi
NA,BAK,NA,NA,cot,AA1,0.19,-1.66073120682165,1945,aawhite
NA,BAK,NA,NA,caught,AO1,0.2,-1.6094379124341,1945,aawhite
NA,BAK,NA,NA,cot,AA1,0.19,-1.66073120682165,1969,aawhite
NA,BAK,NA,NA,caught,AO1,0.21,-1.56064774826467,1969,aawhite
NA,BAK,NA,NA,cot,AA1,0.2,-1.6094379124341,1972,redacted
NA,BAK,NA,NA,caught,AO1,0.18,-1.71479842809193,1972,redacted
NA,BAK,NA,NA,cot,AA1,0.28,-1.27296567581289,1974,aawhite
NA,BAK,NA,NA,caught,AO1,0.25,-1.38629436111989,1974,aawhite
NA,BAK,NA,NA,cot,AA1,0.269,-1.3130438993803,1975,aawhite
NA,BAK,NA,NA,caught,AO1,0.27,-1.30933331998376,1975,aawhite
NA,BAK,NA,NA,cot,AA1,0.27,-1.30933331998376,1958,aawhite
NA,BAK,NA,NA,caught,AO1,0.261,-1.34323487165944,1958,aawhite
NA,BAK,NA,NA,cot,AA1,0.28,-1.27296567581289,1934,abi
NA,BAK,NA,NA,caught,AO1,0.24,-1.42711635564015,1934,abi
NA,BAK,NA,NA,cot,AA1,0.2,-1.6094379124341,1966,aawhite
NA,BAK,NA,NA,caught,AO1,0.18,-1.71479842809193,1966,aawhite
NA,BAK,NA,NA,cot,AA1,0.23,-1.46967597005894,1960,aawhite
NA,BAK,NA,NA,caught,AO1,0.19,-1.66073120682165,1960,aawhite
NA,BAK,NA,NA,cot,AA1,0.27,-1.30933331998376,1981,redacted
NA,BAK,NA,NA,caught,AO1,0.2,-1.6094379124341,1981,redacted
NA,BAK,NA,NA,cot,AA1,0.28,-1.27296567581289,1991,redacted
NA,BAK,NA,NA,caught,AO1,0.25,-1.38629436111989,1991,redacted
NA,BAK,NA,NA,cot,AA1,0.299,-1.20731170559145,1989,aawhite
NA,BAK,NA,NA,caught,AO1,0.19,-1.66073120682165,1989,aawhite
NA,BAK,NA,NA,cot,AA1,0.21,-1.56064774826467,1987,abi
NA,BAK,NA,NA,caught,AO1,0.14,-1.96611285637283,1987,abi
NA,BAK,NA,NA,cot,AA1,0.26,-1.34707364796661,1970,abi
NA,BAK,NA,NA,caught,AO1,0.21,-1.56064774826467,1970,abi
NA,BAK,NA,NA,cot,AA1,0.25,-1.38629436111989,1984,aawhite
NA,BAK,NA,NA,caught,AO1,0.2,-1.6094379124341,1984,aawhite
NA,BAK,NA,NA,cot,AA1,0.21,-1.56064774826467,1941,aawhite
NA,BAK,NA,NA,caught,AO1,0.2,-1.6094379124341,1941,aawhite
NA,BAK,NA,NA,cot,AA1,0.32,-1.13943428318836,1939,aawhite
NA,BAK,NA,NA,caught,AO1,0.32,-1.13943428318836,1939,aawhite
NA,BAK,NA,NA,cot,AA1,0.25,-1.38629436111989,1971,aawhite
NA,BAK,NA,NA,caught,AO1,0.21,-1.56064774826467,1971,aawhite
NA,BAK,NA,NA,caught,AO1,0.221,-1.50959257746438,1959,abi
NA,BAK,NA,NA,cot,AA1,0.299,-1.20731170559145,1955,redacted
NA,BAK,NA,NA,caught,AO1,0.27,-1.30933331998376,1955,redacted
NA,BAK,NA,NA,cot,AA1,0.26,-1.34707364796661,1983,aawhite
NA,BAK,NA,NA,caught,AO1,0.22,-1.51412773262978,1983,aawhite
NA,RDL,NA,NA,caught,AA1,0.36,-1.02165124753198,1922,aawhite
NA,RDL,NA,NA,cot,AA1,0.32,-1.13943428318836,1922,aawhite
NA,RDL,NA,NA,caught,AA1,0.19,-1.66073120682165,1999,redacted
NA,RDL,NA,NA,cot,AA1,0.19,-1.66073120682165,1999,redacted
NA,RDL,NA,NA,caught,AA1,0.21,-1.56064774826467,1994,abi
NA,RDL,NA,NA,cot,AA1,0.18,-1.71479842809193,1994,abi
NA,RDL,NA,NA,caught,AA1,0.22,-1.51412773262978,1952,aawhite
NA,RDL,NA,NA,cot,AA1,0.2,-1.6094379124341,1952,aawhite
NA,RDL,NA,NA,caught,AA1,0.17,-1.77195684193188,1991,redacted
NA,RDL,NA,NA,cot,AA1,0.17,-1.77195684193188,1991,redacted
NA,RDL,NA,NA,caught,AA1,0.27,-1.30933331998376,1958,aawhite
NA,RDL,NA,NA,cot,AA1,0.28,-1.27296567581289,1958,aawhite
NA,RDL,NA,NA,caught,AA1,0.14,-1.96611285637283,1997,aawhite
NA,RDL,NA,NA,cot,AA1,0.17,-1.77195684193188,1997,aawhite
NA,RDL,NA,NA,caught,AA1,0.24,-1.42711635564015,2000,aawhite
NA,RDL,NA,NA,cot,AA1,0.16,-1.83258146374831,2000,aawhite
NA,RDL,NA,NA,caught,AA1,0.27,-1.30933331998376,1997,aawhite
NA,RDL,NA,NA,cot,AA1,0.18,-1.71479842809193,1997,aawhite
NA,RDL,NA,NA,caught,AA1,0.21,-1.56064774826467,1971,aawhite
NA,RDL,NA,NA,cot,AA1,0.2,-1.6094379124341,1971,aawhite
NA,RDL,NA,NA,caught,AA1,0.31,-1.17118298150294,1936,redacted
NA,RDL,NA,NA,caught,AA1,0.18,-1.71479842809193,1951,aawhite
NA,RDL,NA,NA,cot,AA1,0.19,-1.66073120682165,1951,aawhite
NA,RDL,NA,NA,caught,AA1,0.17,-1.77195684193188,1941,aawhite
NA,RDL,NA,NA,cot,AA1,0.23,-1.46967597005894,1941,aawhite
NA,RDL,NA,NA,caught,AA1,0.23,-1.46967597005894,1939,aawhite
NA,RDL,NA,NA,cot,AA1,0.2,-1.6094379124341,1939,aawhite
NA,RDL,NA,NA,caught,AA1,0.23,-1.46967597005894,1945,redacted
NA,RDL,NA,NA,cot,AA1,0.14,-1.96611285637283,1945,redacted
NA,RDL,NA,NA,caught,AA1,0.15,-1.89711998488588,1944,redacted
NA,RDL,NA,NA,cot,AA1,0.17,-1.77195684193188,1944,redacted
NA,RDL,NA,NA,caught,AA1,0.15,-1.89711998488588,1991,redacted
NA,RDL,NA,NA,cot,AA1,0.17,-1.77195684193188,1991,redacted
NA,RDL,NA,NA,caught,AA1,0.18,-1.71479842809193,1994,aawhite
NA,RDL,NA,NA,cot,AA1,0.17,-1.77195684193188,1994,aawhite
NA,RDL,NA,NA,caught,AA1,0.24,-1.42711635564015,1996,aawhite
NA,RDL,NA,NA,cot,AA1,0.24,-1.42711635564015,1996,aawhite
NA,RDL,NA,NA,caught,AA1,0.14,-1.96611285637283,1971,redacted
NA,RDL,NA,NA,cot,AA1,0.23,-1.46967597005894,1971,redacted
NA,RDL,NA,NA,caught,AA1,0.21,-1.56064774826467,1942,aawhite
NA,RDL,NA,NA,cot,AA1,0.21,-1.56064774826467,1942,aawhite
NA,RDL,NA,NA,caught,AA1,0.22,-1.51412773262978,1951,redacted
NA,RDL,NA,NA,cot,AA1,0.19,-1.66073120682165,1951,redacted
NA,RDL,NA,NA,caught,AA1,0.15,-1.89711998488588,1978,aawhite
NA,RDL,NA,NA,cot,AA1,0.16,-1.83258146374831,1978,aawhite
NA,RDL,NA,NA,caught,AA1,0.17,-1.77195684193188,1996,abi
NA,RDL,NA,NA,cot,AA1,0.17,-1.77195684193188,1996,abi
NA,RDL,NA,NA,caught,AA1,0.23,-1.46967597005894,1994,redacted
NA,RDL,NA,NA,cot,AA1,0.19,-1.66073120682165,1994,redacted
NA,RDL,NA,NA,cot,AA1,0.22,-1.51412773262978,1996,redacted
NA,RDL,NA,NA,caught,AA1,0.3,-1.20397280432594,1994,redacted
NA,RDL,NA,NA,cot,AA1,0.15,-1.89711998488588,1994,redacted
NA,RDL,NA,NA,caught,AA1,0.25,-1.38629436111989,1999,aawhite
NA,RDL,NA,NA,cot,AA1,0.21,-1.56064774826467,1999,aawhite
NA,RDL,NA,NA,caught,AA1,0.21,-1.56064774826467,1970,redacted
NA,RDL,NA,NA,cot,AA1,0.19,-1.66073120682165,1970,redacted
NA,RDL,NA,NA,cot,AA1,0.25,-1.38629436111989,1938,aawhite
NA,RDL,NA,NA,caught,AA1,0.2,-1.6094379124341,1938,aawhite
NA,RDL,NA,NA,cot,AA1,0.17,-1.77195684193188,1938,aawhite
NA,RDL,NA,NA,caught,AA1,0.14,-1.96611285637283,1999,aawhite
NA,RDL,NA,NA,cot,AA1,0.17,-1.77195684193188,1999,aawhite
NA,RDL,NA,NA,cot,AA1,0.16,-1.83258146374831,1992,redacted
NA,RDL,NA,NA,caught,AA1,0.18,-1.71479842809193,1989,aawhite
NA,RDL,NA,NA,cot,AA1,0.17,-1.77195684193188,1989,aawhite
NA,RDL,NA,NA,caught,AA1,0.23,-1.46967597005894,1963,aawhite
NA,RDL,NA,NA,cot,AA1,0.21,-1.56064774826467,1963,aawhite
NA,RDL,NA,NA,caught,AA1,0.24,-1.42711635564015,1954,aawhite
NA,RDL,NA,NA,cot,AA1,0.22,-1.51412773262978,1954,aawhite
NA,RDL,NA,NA,caught,AA1,0.28,-1.27296567581289,1947,aawhite
NA,RDL,NA,NA,cot,AA1,0.23,-1.46967597005894,1947,aawhite
NA,RDL,NA,NA,caught,AA1,0.23,-1.46967597005894,1972,aawhite
NA,RDL,NA,NA,cot,AA1,0.21,-1.56064774826467,1972,aawhite
NA,RDL,NA,NA,caught,AA1,0.24,-1.42711635564015,1963,aawhite
NA,RDL,NA,NA,cot,AA1,0.22,-1.51412773262978,1963,aawhite
NA,SAC,NA,NA,cot,AA1,0.28,-1.27296567581289,1943,aawhite
NA,SAC,NA,NA,caught,AO1,0.219,-1.51868354916564,1943,aawhite
NA,SAC,NA,NA,cot,AA1,0.29,-1.23787435600162,1956,redacted
NA,SAC,NA,NA,caught,AO1,0.201,-1.60445037092306,1956,redacted
NA,SAC,NA,NA,cot,AA1,0.231,-1.46533756846034,1966,aawhite
NA,SAC,NA,NA,caught,AO1,0.21,-1.56064774826467,1966,aawhite
NA,SAC,NA,NA,cot,AA1,0.25,-1.38629436111989,1984,aawhite
NA,SAC,NA,NA,caught,AO1,0.31,-1.17118298150294,1984,aawhite
NA,SAC,NA,NA,cot,AA1,0.32,-1.13943428318836,1971,abi
NA,SAC,NA,NA,caught,AO1,0.19,-1.66073120682165,1971,abi
NA,SAC,NA,NA,cot,AA1,0.329,-1.11169752821677,1931,aawhite
NA,SAC,NA,NA,caught,AO1,0.22,-1.51412773262978,1931,aawhite
NA,SAC,NA,NA,cot,AA1,0.25,-1.38629436111989,1973,aawhite
NA,SAC,NA,NA,caught,AO1,0.18,-1.71479842809193,1973,aawhite
NA,SAC,NA,NA,cot,AA1,0.271,-1.30563645810244,1924,aawhite
NA,SAC,NA,NA,caught,AO1,0.24,-1.42711635564015,1924,aawhite
NA,SAC,NA,NA,cot,AA1,0.261,-1.34323487165944,1964,aawhite
NA,SAC,NA,NA,cot,AA1,0.209,-1.56542102701733,1956,aawhite
NA,SAC,NA,NA,caught,AO1,0.22,-1.51412773262978,1956,aawhite
NA,SAC,NA,NA,cot,AA1,0.329,-1.11169752821677,1988,aawhite
NA,SAC,NA,NA,caught,AO1,0.24,-1.42711635564015,1988,aawhite
NA,SAC,NA,NA,cot,AA1,0.2,-1.6094379124341,1941,aawhite
NA,SAC,NA,NA,caught,AO1,0.2,-1.6094379124341,1941,aawhite
NA,SAC,NA,NA,cot,AA1,0.23,-1.46967597005894,1948,aawhite
NA,SAC,NA,NA,caught,AO1,0.199,-1.61445045425764,1948,aawhite
NA,SAC,NA,NA,cot,AA1,0.279,-1.27654349716077,1987,redacted
NA,SAC,NA,NA,caught,AO1,0.201,-1.60445037092306,1987,redacted
NA,SAC,NA,NA,cot,AA1,0.19,-1.66073120682165,1938,aawhite
NA,SAC,NA,NA,caught,AO1,0.21,-1.56064774826467,1938,aawhite
NA,SAC,NA,NA,cot,AA1,0.21,-1.56064774826467,1983,abi
NA,SAC,NA,NA,caught,AO1,0.22,-1.51412773262978,1983,abi
NA,SAC,NA,NA,cot,AA1,0.159,-1.83885107676191,1950,aawhite
NA,SAC,NA,NA,caught,AO1,0.169,-1.77785656405906,1950,aawhite
NA,SAC,NA,NA,cot,AA1,0.18,-1.71479842809193,1994,redacted
NA,SAC,NA,NA,caught,AO1,0.201,-1.60445037092306,1994,redacted
NA,SAC,NA,NA,cot,AA1,0.141,-1.95899538860397,1952,aawhite
NA,SAC,NA,NA,cot,AA1,0.27,-1.30933331998376,1955,redacted
NA,SAC,NA,NA,caught,AO1,0.2,-1.6094379124341,1955,redacted
NA,SAC,NA,NA,cot,AA1,0.25,-1.38629436111989,1986,aawhite
NA,SAC,NA,NA,caught,AO1,0.19,-1.66073120682165,1986,aawhite
NA,SAC,NA,NA,cot,AA1,0.23,-1.46967597005894,1991,aawhite
NA,SAC,NA,NA,caught,AO1,0.16,-1.83258146374831,1991,aawhite
NA,SAC,NA,NA,cot,AA1,0.34,-1.07880966137193,1924,abi
NA,SAC,NA,NA,caught,AO1,0.25,-1.38629436111989,1924,abi
NA,SAC,NA,NA,cot,AA1,0.221,-1.50959257746438,1976,aawhite
NA,SAC,NA,NA,caught,AO1,0.2,-1.6094379124341,1976,aawhite
NA,SAC,NA,NA,cot,AA1,0.24,-1.42711635564015,1994,aawhite
NA,SAC,NA,NA,caught,AO1,0.181,-1.70925824771631,1994,aawhite
NA,SAC,NA,NA,cot,AA1,0.21,-1.56064774826467,1989,aawhite
NA,SAC,NA,NA,caught,AO1,0.16,-1.83258146374831,1989,aawhite
NA,SAC,NA,NA,cot,AA1,0.259,-1.3509272172826,1991,abi
NA,SAC,NA,NA,caught,AO1,0.23,-1.46967597005894,1991,abi
NA,SAC,NA,NA,cot,AA1,0.25,-1.38629436111989,1995,aawhite
NA,SAC,NA,NA,caught,AO1,0.13,-2.04022082852655,1995,aawhite
NA,SAC,NA,NA,cot,AA1,0.19,-1.66073120682165,1969,redacted
NA,SAC,NA,NA,caught,AO1,0.191,-1.65548185093551,1969,redacted
NA,SAC,NA,NA,cot,AA1,0.3,-1.20397280432594,1985,aawhite
NA,SAC,NA,NA,caught,AO1,0.25,-1.38629436111989,1985,aawhite
NA,SAC,NA,NA,cot,AA1,0.27,-1.30933331998376,1983,aawhite
NA,SAC,NA,NA,caught,AO1,0.23,-1.46967597005894,1983,aawhite
NA,SAC,NA,NA,cot,AA1,0.259,-1.3509272172826,1994,abi
NA,SAC,NA,NA,caught,AO1,0.21,-1.56064774826467,1994,abi
NA,SAC,NA,NA,cot,AA1,0.28,-1.27296567581289,1935,aawhite
NA,SAC,NA,NA,caught,AO1,0.29,-1.23787435600162,1935,aawhite
NA,SAC,NA,NA,cot,AA1,0.259,-1.3509272172826,1967,aawhite
NA,SAC,NA,NA,caught,AO1,0.27,-1.30933331998376,1967,aawhite
NA,SAC,NA,NA,cot,AA1,0.28,-1.27296567581289,1961,aawhite
NA,SAC,NA,NA,caught,AO1,0.15,-1.89711998488588,1961,aawhite
NA,SAC,NA,NA,cot,AA1,0.311,-1.1679623668029,1995,redacted
NA,SAC,NA,NA,caught,AO1,0.201,-1.60445037092306,1995,redacted
NA,SAC,NA,NA,cot,AA1,0.22,-1.51412773262978,1969,aawhite
NA,SAC,NA,NA,caught,AO1,0.24,-1.42711635564015,1969,aawhite
NA,SAC,NA,NA,cot,AA1,0.279,-1.27654349716077,1994,aawhite
NA,SAC,NA,NA,caught,AO1,0.22,-1.51412773262978,1994,aawhite
NA,SAC,NA,NA,cot,AA1,0.32,-1.13943428318836,1925,aawhite
NA,SAC,NA,NA,caught,AO1,0.32,-1.13943428318836,1925,aawhite
NA,SAC,NA,NA,cot,AA1,0.27,-1.30933331998376,1953,aawhite
NA,SAC,NA,NA,caught,AO1,0.27,-1.30933331998376,1953,aawhite
NA,SAC,NA,NA,cot,AA1,0.279,-1.27654349716077,1959,abi
NA,SAC,NA,NA,caught,AO1,0.25,-1.38629436111989,1959,abi
NA,SAC,NA,NA,cot,AA1,0.27,-1.30933331998376,1958,abi
NA,SAC,NA,NA,caught,AO1,0.24,-1.42711635564015,1958,abi
NA,SAC,NA,NA,cot,AA1,0.221,-1.50959257746438,1949,aawhite
NA,SAC,NA,NA,caught,AO1,0.2,-1.6094379124341,1949,aawhite
NA,SAC,NA,NA,cot,AA1,0.25,-1.38629436111989,1947,abi
NA,SAC,NA,NA,caught,AO1,0.18,-1.71479842809193,1947,abi
NA,SAC,NA,NA,cot,AA1,0.361,-1.01887732064926,1987,redacted
NA,SAC,NA,NA,caught,AO1,0.29,-1.23787435600162,1987,redacted
NA,SAC,NA,NA,cot,AA1,0.25,-1.38629436111989,1940,aawhite
NA,SAC,NA,NA,caught,AO1,0.19,-1.66073120682165,1940,aawhite
NA,SAC,NA,NA,cot,AA1,0.29,-1.23787435600162,1991,aawhite
NA,SAC,NA,NA,caught,AO1,0.19,-1.66073120682165,1991,aawhite
NA,SAC,NA,NA,cot,AA1,0.34,-1.07880966137193,1950,aawhite
NA,SAC,NA,NA,caught,AO1,0.25,-1.38629436111989,1950,aawhite
NA,SAC,NA,NA,cot,AA1,0.25,-1.38629436111989,1938,aawhite
NA,SAC,NA,NA,caught,AO1,0.22,-1.51412773262978,1938,aawhite
NA,SAC,NA,NA,cot,AA1,0.19,-1.66073120682165,1958,aawhite
NA,SAC,NA,NA,caught,AO1,0.22,-1.51412773262978,1958,aawhite
NA,SAC,NA,NA,caught,AO1,0.26,-1.34707364796661,1986,NA
NA,SAC,NA,NA,cot,AA1,0.22,-1.51412773262978,1957,aawhite
NA,SAC,NA,NA,caught,AO1,0.27,-1.30933331998376,1957,aawhite
NA,SAC,NA,NA,cot,AA1,0.22,-1.51412773262978,1954,aawhite
NA,SAC,NA,NA,caught,AO1,0.23,-1.46967597005894,1954,aawhite
NA,SAC,NA,NA,cot,AA1,0.241,-1.42295834549148,1990,redacted
NA,SAC,NA,NA,caught,AO1,0.24,-1.42711635564015,1990,redacted
NA,SAC,NA,NA,cot,AA1,0.26,-1.34707364796661,1976,aawhite
NA,SAC,NA,NA,caught,AO1,0.2,-1.6094379124341,1976,aawhite
NA,SAC,NA,NA,cot,AA1,0.22,-1.51412773262978,1994,abi
NA,SAC,NA,NA,caught,AO1,0.181,-1.70925824771631,1994,abi
NA,SAC,NA,NA,cot,AA1,0.29,-1.23787435600162,1956,redacted
NA,SAC,NA,NA,caught,AO1,0.171,-1.76609172247948,1956,redacted
NA,SAC,NA,NA,cot,AA1,0.23,-1.46967597005894,1944,abi
NA,SAC,NA,NA,caught,AO1,0.25,-1.38629436111989,1944,abi
NA,SAC,NA,NA,cot,AA1,0.25,-1.38629436111989,1984,aawhite
NA,SAC,NA,NA,caught,AO1,0.19,-1.66073120682165,1984,aawhite
NA,SAC,NA,NA,cot,AA1,0.19,-1.66073120682165,1988,abi
NA,SAC,NA,NA,caught,AO1,0.18,-1.71479842809193,1988,abi
NA,SAC,NA,NA,cot,AA1,0.191,-1.65548185093551,1945,aawhite
NA,SAC,NA,NA,cot,AA1,0.291,-1.23443201181064,1935,aawhite
NA,SAC,NA,NA,caught,AO1,0.26,-1.34707364796661,1935,aawhite
NA,SAC,NA,NA,cot,AA1,0.3,-1.20397280432594,1982,aawhite
NA,SAC,NA,NA,caught,AO1,0.2,-1.6094379124341,1982,aawhite
NA,SAC,NA,NA,cot,AA1,0.3,-1.20397280432594,1946,aawhite
NA,SAC,NA,NA,caught,AO1,0.23,-1.46967597005894,1946,aawhite
NA,SAC,NA,NA,cot,AA1,0.23,-1.46967597005894,1964,aawhite
NA,SAC,NA,NA,caught,AO1,0.22,-1.51412773262978,1964,aawhite
NA,SAC,NA,NA,cot,AA1,0.23,-1.46967597005894,1946,aawhite
NA,SAC,NA,NA,caught,AO1,0.28,-1.27296567581289,1946,aawhite
NA,SAC,NA,NA,cot,AA1,0.24,-1.42711635564015,1985,aawhite
NA,SAC,NA,NA,caught,AO1,0.19,-1.66073120682165,1985,aawhite
NA,SAC,NA,NA,cot,AA1,0.23,-1.46967597005894,1956,aawhite
NA,SAC,NA,NA,caught,AO1,0.21,-1.56064774826467,1956,aawhite
NA,SAC,NA,NA,cot,AA1,0.229,-1.4740332754279,1950,aawhite
NA,SAC,NA,NA,caught,AO1,0.23,-1.46967597005894,1950,aawhite
NA,SAC,NA,NA,cot,AA1,0.189,-1.6660082639225,1996,abi
NA,SAC,NA,NA,cot,AA1,0.23,-1.46967597005894,1978,aawhite
NA,SAC,NA,NA,caught,AO1,0.26,-1.34707364796661,1978,aawhite
NA,SAC,NA,NA,cot,AA1,0.261,-1.34323487165944,1948,abi
NA,SAC,NA,NA,caught,AO1,0.28,-1.27296567581289,1948,abi
NA,SAC,NA,NA,cot,AA1,0.3,-1.20397280432594,1936,aawhite
NA,SAC,NA,NA,caught,AO1,0.3,-1.20397280432594,1936,aawhite
NA,SAC,NA,NA,cot,AA1,0.17,-1.77195684193188,1966,redacted
NA,SAC,NA,NA,caught,AO1,0.13,-2.04022082852655,1966,redacted
NA,SAC,NA,NA,cot,AA1,0.221,-1.50959257746438,1990,aawhite
NA,SAC,NA,NA,caught,AO1,0.179,-1.72036947314138,1990,aawhite
NA,SAC,NA,NA,cot,AA1,0.28,-1.27296567581289,1920,aawhite
NA,SAC,NA,NA,caught,AO1,0.31,-1.17118298150295,1920,aawhite
NA,SAC,NA,NA,cot,AA1,0.19,-1.66073120682165,1926,aawhite
NA,SAC,NA,NA,caught,AO1,0.17,-1.77195684193188,1926,aawhite
NA,SAC,NA,NA,cot,AA1,0.21,-1.56064774826467,1930,aawhite
NA,SAC,NA,NA,caught,AO1,0.21,-1.56064774826467,1930,aawhite
NA,SAC,NA,NA,cot,AA1,0.28,-1.27296567581289,1939,aawhite
NA,SAC,NA,NA,caught,AO1,0.28,-1.27296567581289,1939,aawhite
NA,SAC,NA,NA,cot,AA1,0.329,-1.11169752821677,1959,abi
NA,SAC,NA,NA,caught,AO1,0.189,-1.66600826392249,1959,abi
NA,SAC,NA,NA,cot,AA1,0.25,-1.38629436111989,1992,aawhite
NA,SAC,NA,NA,caught,AO1,0.2,-1.6094379124341,1992,aawhite
NA,SAC,NA,NA,cot,AA1,0.26,-1.34707364796661,1989,redacted
NA,SAC,NA,NA,caught,AO1,0.18,-1.71479842809193,1989,redacted
NA,SAC,NA,NA,cot,AA1,0.26,-1.34707364796661,1948,aawhite
NA,SAC,NA,NA,caught,AO1,0.14,-1.96611285637283,1948,aawhite
NA,SAC,NA,NA,cot,AA1,0.29,-1.23787435600162,1926,aawhite
NA,SAC,NA,NA,caught,AO1,0.259,-1.3509272172826,1926,aawhite
NA,SAC,NA,NA,cot,AA1,0.231,-1.46533756846034,1956,aawhite
NA,SAC,NA,NA,caught,AO1,0.239,-1.43129172705063,1956,aawhite
NA,SAC,NA,NA,cot,AA1,0.23,-1.46967597005894,1942,aawhite
NA,SAC,NA,NA,caught,AO1,0.19,-1.66073120682165,1942,aawhite
NA,SAC,NA,NA,cot,AA1,0.28,-1.27296567581289,1982,redacted
NA,SAC,NA,NA,caught,AO1,0.28,-1.27296567581289,1982,redacted
NA,SAC,NA,NA,cot,AA1,0.27,-1.30933331998376,1960,aawhite
NA,SAC,NA,NA,caught,AO1,0.2,-1.6094379124341,1960,aawhite
NA,SAC,NA,NA,cot,AA1,0.38,-0.967584026261706,1956,aawhite
NA,SAC,NA,NA,caught,AO1,0.23,-1.46967597005894,1956,aawhite
NA,SAC,NA,NA,caught,AO1,0.21,-1.56064774826467,1957,aawhite
NA,SAC,NA,NA,cot,AA1,0.3,-1.20397280432594,1925,aawhite
NA,SAC,NA,NA,caught,AO1,0.25,-1.38629436111989,1925,aawhite
NA,SAC,NA,NA,cot,AA1,0.349,-1.05268335677971,1923,aawhite
NA,SAC,NA,NA,caught,AO1,0.32,-1.13943428318836,1923,aawhite
NA,SAC,NA,NA,cot,AA1,0.21,-1.56064774826467,1969,aawhite
NA,SAC,NA,NA,caught,AO1,0.211,-1.55589714550607,1969,aawhite
NA,SAC,NA,NA,cot,AA1,0.23,-1.46967597005894,1961,aawhite
NA,SAC,NA,NA,caught,AO1,0.171,-1.76609172247948,1961,aawhite
NA,SAC,NA,NA,cot,AA1,0.26,-1.34707364796661,1993,aawhite
NA,SAC,NA,NA,caught,AO1,0.27,-1.30933331998376,1993,aawhite
NA,SAC,NA,NA,cot,AA1,0.26,-1.34707364796661,1965,aawhite
NA,SAC,NA,NA,caught,AO1,0.26,-1.34707364796661,1965,aawhite
NA,SAC,NA,NA,cot,AA1,0.23,-1.46967597005894,1967,aawhite
NA,SAC,NA,NA,caught,AO1,0.21,-1.56064774826467,1967,aawhite
NA,SAC,NA,NA,cot,AA1,0.2,-1.6094379124341,1965,aawhite
NA,SAC,NA,NA,caught,AO1,0.18,-1.71479842809193,1965,aawhite
NA,SAC,NA,NA,cot,AA1,0.21,-1.56064774826467,1948,aawhite
NA,SAC,NA,NA,caught,AO1,0.17,-1.77195684193188,1948,aawhite
NA,SAC,NA,NA,cot,AA1,0.26,-1.34707364796661,1993,abi
NA,SAC,NA,NA,caught,AO1,0.19,-1.66073120682165,1993,abi
NA,SAC,NA,NA,cot,AA1,0.27,-1.30933331998376,1935,aawhite
NA,SAC,NA,NA,caught,AO1,0.22,-1.51412773262978,1935,aawhite
NA,SAC,NA,NA,cot,AA1,0.23,-1.46967597005894,1972,aawhite
NA,SAC,NA,NA,caught,AO1,0.24,-1.42711635564015,1972,aawhite
NA,SAC,NA,NA,cot,AA1,0.32,-1.13943428318836,1992,abi
NA,SAC,NA,NA,caught,AO1,0.29,-1.23787435600162,1992,abi
NA,SAC,NA,NA,cot,AA1,0.26,-1.34707364796661,1939,aawhite
NA,SAC,NA,NA,caught,AO1,0.25,-1.38629436111989,1939,aawhite
NA,SAC,NA,NA,cot,AA1,0.31,-1.17118298150295,1948,aawhite
NA,SAC,NA,NA,caught,AO1,0.21,-1.56064774826467,1948,aawhite
NA,SAC,NA,NA,cot,AA1,0.26,-1.34707364796661,1994,redacted
NA,SAC,NA,NA,caught,AO1,0.26,-1.34707364796661,1994,redacted
NA,SAC,NA,NA,cot,AA1,0.19,-1.66073120682165,1983,redacted
NA,SAC,NA,NA,caught,AO1,0.17,-1.77195684193188,1983,redacted
NA,SAC,NA,NA,cot,AA1,0.22,-1.51412773262978,1976,redacted
NA,SAC,NA,NA,caught,AO1,0.24,-1.42711635564015,1976,redacted
NA,SAC,NA,NA,cot,AA1,0.32,-1.13943428318836,1950,redacted
NA,SAC,NA,NA,caught,AO1,0.32,-1.13943428318837,1950,redacted
NA,SAC,NA,NA,cot,AA1,0.29,-1.23787435600162,1991,abi
NA,SAC,NA,NA,caught,AO1,0.23,-1.46967597005894,1991,abi
NA,SAC,NA,NA,cot,AA1,0.24,-1.42711635564015,1986,aawhite
NA,SAC,NA,NA,caught,AO1,0.24,-1.42711635564015,1986,aawhite
NA,SAC,NA,NA,cot,AA1,0.21,-1.56064774826467,1963,redacted
NA,SAC,NA,NA,caught,AO1,0.18,-1.71479842809193,1963,redacted
NA,SAC,NA,NA,cot,AA1,0.28,-1.27296567581289,1950,aawhite
NA,SAC,NA,NA,caught,AO1,0.18,-1.71479842809193,1950,aawhite
NA,SAC,NA,NA,cot,AA1,0.21,-1.56064774826467,1995,aawhite
NA,SAC,NA,NA,caught,AO1,0.201,-1.60445037092306,1995,aawhite
NA,SAC,NA,NA,cot,AA1,0.2,-1.6094379124341,1946,aawhite
NA,SAC,NA,NA,caught,AO1,0.19,-1.66073120682165,1946,aawhite
NA,SAC,NA,NA,cot,AA1,0.3,-1.20397280432594,1993,redacted
NA,SAC,NA,NA,caught,AO1,0.25,-1.38629436111989,1993,redacted
NA,SAC,NA,NA,cot,AA1,0.21,-1.56064774826467,1996,aawhite
NA,SAC,NA,NA,caught,AO1,0.19,-1.66073120682165,1996,aawhite
NA,SAC,NA,NA,cot,AA1,0.22,-1.51412773262978,1973,aawhite
NA,SAC,NA,NA,caught,AO1,0.22,-1.51412773262978,1973,aawhite
NA,SAC,NA,NA,cot,AA1,0.19,-1.66073120682165,1930,aawhite
NA,SAC,NA,NA,caught,AO1,0.21,-1.56064774826467,1930,aawhite
NA,SAC,NA,NA,cot,AA1,0.27,-1.30933331998376,1975,aawhite
NA,SAC,NA,NA,caught,AO1,0.26,-1.34707364796661,1975,aawhite
NA,SAC,NA,NA,cot,AA1,0.24,-1.42711635564015,1942,redacted
NA,SAC,NA,NA,caught,AO1,0.19,-1.66073120682165,1942,redacted
NA,SAC,NA,NA,cot,AA1,0.219,-1.51868354916564,1987,aawhite
NA,SAC,NA,NA,caught,AO1,0.24,-1.42711635564015,1987,aawhite
NA,SAC,NA,NA,cot,AA1,0.27,-1.30933331998376,1982,aawhite
NA,SAC,NA,NA,caught,AO1,0.151,-1.89047544216721,1982,aawhite
NA,SAC,NA,NA,cot,AA1,0.19,-1.66073120682165,1956,abi
NA,SAC,NA,NA,caught,AO1,0.169,-1.77785656405906,1956,abi
NA,SAC,NA,NA,cot,AA1,0.27,-1.30933331998376,1993,redacted
NA,SAC,NA,NA,caught,AO1,0.149,-1.90380897303668,1993,redacted
NA,SAC,NA,NA,cot,AA1,0.199,-1.61445045425764,1994,abi
NA,SAC,NA,NA,caught,AO1,0.291,-1.23443201181064,1994,abi
NA,SAC,NA,NA,cot,AA1,0.15,-1.89711998488588,1996,abi
NA,SAC,NA,NA,caught,AO1,0.149,-1.90380897303668,1996,abi
NA,SAC,NA,NA,cot,AA1,0.25,-1.38629436111989,1954,abi
NA,SAC,NA,NA,caught,AO1,0.27,-1.30933331998376,1954,abi
NA,SAC,NA,NA,cot,AA1,0.3,-1.20397280432594,1959,aawhite
NA,SAC,NA,NA,caught,AO1,0.27,-1.30933331998376,1959,aawhite
NA,SAC,NA,NA,cot,AA1,0.199,-1.61445045425764,1961,aawhite
NA,SAC,NA,NA,caught,AO1,0.15,-1.89711998488588,1961,aawhite
NA,SAC,NA,NA,cot,AA1,0.21,-1.56064774826467,1996,redacted
NA,SAC,NA,NA,caught,AO1,0.2,-1.6094379124341,1996,redacted
NA,SAC,NA,NA,cot,AA1,0.17,-1.77195684193188,1992,abi
NA,SAC,NA,NA,caught,AO1,0.18,-1.71479842809193,1992,abi
NA,SAC,NA,NA,cot,AA1,0.34,-1.07880966137193,1996,aawhite
NA,SAC,NA,NA,caught,AO1,0.22,-1.51412773262978,1996,aawhite
NA,SAC,NA,NA,cot,AA1,0.21,-1.56064774826467,1995,abi
NA,SAC,NA,NA,caught,AO1,0.231,-1.46533756846034,1995,abi
NA,SAC,NA,NA,cot,AA1,0.38,-0.967584026261706,1985,abi
NA,SAC,NA,NA,caught,AO1,0.28,-1.27296567581289,1985,abi
NA,SAC,NA,NA,cot,AA1,0.19,-1.66073120682165,1992,abi
NA,SAC,NA,NA,caught,AO1,0.271,-1.30563645810244,1992,abi
NA,SAC,NA,NA,cot,AA1,0.3,-1.20397280432594,1950,abi
NA,SAC,NA,NA,caught,AO1,0.25,-1.38629436111989,1950,abi
NA,SAL,NA,NA,cot,AA1,0.32,-1.13943428318836,1982,redacted
NA,SAL,NA,NA,caught,AO1,0.26,-1.34707364796661,1968,redacted
NA,SAL,NA,NA,cot,AA1,0.22,-1.51412773262978,1963,redacted
NA,SAL,NA,NA,caught,AO1,0.15,-1.89711998488588,1991,redacted
NA,SAL,NA,NA,cot,AA1,0.23,-1.46967597005894,1970,aawhite
NA,SAL,NA,NA,caught,AO1,0.18,-1.71479842809193,1970,aawhite
NA,SAL,NA,NA,caught,AO1,0.32,-1.13943428318836,1941,abi
NA,SAL,NA,NA,cot,AA1,0.29,-1.23787435600162,1955,redacted
NA,SAL,NA,NA,caught,AO1,0.2,-1.6094379124341,1955,redacted
NA,SAL,NA,NA,cot,AA1,0.29,-1.23787435600162,1995,aawhite
NA,SAL,NA,NA,caught,AO1,0.21,-1.56064774826467,1995,aawhite
NA,SAL,NA,NA,cot,AA1,0.19,-1.66073120682165,1945,aawhite
NA,SAL,NA,NA,caught,AO1,0.29,-1.23787435600162,1945,aawhite
NA,SAL,NA,NA,cot,AA1,0.29,-1.23787435600162,1977,redacted
NA,SAL,NA,NA,caught,AO1,0.23,-1.46967597005894,1977,redacted
NA,SAL,NA,NA,cot,AA1,0.31,-1.17118298150295,1991,redacted
NA,SAL,NA,NA,caught,AO1,0.26,-1.34707364796661,1991,redacted
NA,SAL,NA,NA,cot,AA1,0.27,-1.30933331998376,1988,redacted
NA,SAL,NA,NA,caught,AO1,0.3,-1.20397280432594,1988,redacted
NA,SAL,NA,NA,cot,AA1,0.28,-1.27296567581289,1986,redacted
NA,SAL,NA,NA,caught,AO1,0.2,-1.6094379124341,1986,redacted
NA,SAL,NA,NA,cot,AA1,0.35,-1.04982212449868,1979,redacted
NA,SAL,NA,NA,caught,AO1,0.2,-1.6094379124341,1979,redacted
NA,SAL,NA,NA,caught,AO1,0.33,-1.10866262452161,1989,redacted
NA,SAL,NA,NA,cot,AA1,0.26,-1.34707364796661,1959,redacted
NA,SAL,NA,NA,caught,AO1,0.17,-1.77195684193188,1959,redacted
NA,SAL,NA,NA,cot,AA1,0.21,-1.56064774826467,1961,redacted
NA,SAL,NA,NA,caught,AO1,0.18,-1.71479842809193,1961,redacted
NA,SAL,NA,NA,cot,AA1,0.25,-1.38629436111989,1979,redacted
NA,SAL,NA,NA,caught,AO1,0.221,-1.50959257746438,1996,redacted
NA,SAL,NA,NA,cot,AA1,0.219,-1.51868354916564,1958,redacted
NA,SAL,NA,NA,caught,AO1,0.17,-1.77195684193188,1958,redacted
NA,SAL,NA,NA,cot,AA1,0.26,-1.34707364796661,1992,redacted
NA,SAL,NA,NA,caught,AO1,0.22,-1.51412773262978,1992,redacted
NA,SAL,NA,NA,cot,AA1,0.23,-1.46967597005894,1978,redacted
NA,SAL,NA,NA,caught,AO1,0.15,-1.89711998488588,1978,redacted
NA,SAL,NA,NA,cot,AA1,0.33,-1.10866262452161,1985,redacted
NA,SAL,NA,NA,caught,AO1,0.24,-1.42711635564015,1985,redacted
NA,SAL,NA,NA,cot,AA1,0.191,-1.65548185093551,1998,redacted
NA,SAL,NA,NA,caught,AO1,0.17,-1.77195684193188,1998,redacted
NA,SAL,NA,NA,cot,AA1,0.34,-1.07880966137193,1992,redacted
NA,SAL,NA,NA,caught,AO1,0.23,-1.46967597005894,1992,redacted
NA,SAL,NA,NA,cot,AA1,0.32,-1.13943428318836,1993,redacted
NA,SAL,NA,NA,caught,AO1,0.211,-1.55589714550607,1993,redacted
NA,SAL,NA,NA,cot,AA1,0.27,-1.30933331998376,1985,redacted
NA,SAL,NA,NA,caught,AO1,0.27,-1.30933331998376,1996,redacted
NA,SAL,NA,NA,cot,AA1,0.23,-1.46967597005894,1981,redacted
NA,SAL,NA,NA,caught,AO1,0.16,-1.83258146374831,1994,redacted
NA,SAL,NA,NA,cot,AA1,0.3,-1.20397280432594,1951,redacted
NA,SAL,NA,NA,caught,AO1,0.23,-1.46967597005894,1963,redacted
NA,SAL,NA,NA,cot,AA1,0.21,-1.56064774826467,1994,redacted
NA,SAL,NA,NA,caught,AO1,0.18,-1.71479842809193,1994,redacted
NA,SAL,NA,NA,cot,AA1,0.32,-1.13943428318836,1995,redacted
NA,SAL,NA,NA,caught,AO1,0.21,-1.56064774826467,1995,redacted
NA,SAL,NA,NA,cot,AA1,0.25,-1.38629436111989,1991,redacted
NA,SAL,NA,NA,caught,AO1,0.239,-1.43129172705063,1991,redacted
NA,SAL,NA,NA,cot,AA1,0.28,-1.27296567581289,1953,redacted
NA,SAL,NA,NA,caught,AO1,0.22,-1.51412773262978,1990,redacted
NA,SAL,NA,NA,cot,AA1,0.28,-1.27296567581289,1952,redacted
NA,SAL,NA,NA,caught,AO1,0.319,-1.14256417619729,1952,redacted
NA,SAL,NA,NA,cot,AA1,0.259,-1.3509272172826,1994,redacted
NA,SAL,NA,NA,caught,AO1,0.24,-1.42711635564015,1994,redacted
NA,SAL,NA,NA,cot,AA1,0.24,-1.42711635564015,1992,redacted
NA,SAL,NA,NA,caught,AO1,0.21,-1.56064774826467,1988,redacted
NA,SAL,NA,NA,cot,AA1,0.24,-1.42711635564015,1973,redacted
NA,SAL,NA,NA,caught,AO1,0.2,-1.6094379124341,1973,redacted
NA,SAL,NA,NA,cot,AA1,0.23,-1.46967597005894,1976,redacted
NA,SAL,NA,NA,cot,AA1,0.131,-2.03255795578099,1993,redacted
NA,SAL,NA,NA,caught,AO1,0.2,-1.6094379124341,1993,redacted
NA,SAL,NA,NA,cot,AA1,0.31,-1.17118298150295,1953,redacted
NA,SAL,NA,NA,caught,AO1,0.22,-1.51412773262978,1961,redacted
NA,SAL,NA,NA,cot,AA1,0.15,-1.89711998488588,check interview,aawhite
NA,SAL,NA,NA,caught,AO1,0.18,-1.71479842809193,check interview,aawhite
NA,SAL,NA,NA,cot,AA1,0.29,-1.23787435600162,check interview,redacted
NA,SAL,NA,NA,caught,AO1,0.21,-1.56064774826467,check interview,redacted
NA,SAL,NA,NA,cot,AA1,0.25,-1.38629436111989,1943,aawhite
NA,SAL,NA,NA,caught,AO1,0.25,-1.38629436111989,1943,aawhite
NA,SAL,NA,NA,cot,AA1,0.24,-1.42711635564015,1994,aawhite
NA,SAL,NA,NA,caught,AO1,0.24,-1.42711635564015,1994,aawhite
NA,SAL,NA,NA,cot,AA1,0.19,-1.66073120682165,1949,aawhite
NA,SAL,NA,NA,caught,AO1,0.18,-1.71479842809193,1949,aawhite
NA,SAL,NA,NA,cot,AA1,0.22,-1.51412773262978,1961,redacted
NA,SAL,NA,NA,caught,AO1,0.18,-1.71479842809193,1961,redacted
NA,SAL,NA,NA,cot,AA1,0.32,-1.13943428318837,1960,redacted
NA,SAL,NA,NA,cot,AA1,0.22,-1.51412773262978,1996,redacted
NA,SAL,NA,NA,caught,AO1,0.18,-1.71479842809193,1996,redacted
NA,RDL,NA,NA,caught,AA1,0.22,-1.51412773262978,1964,aawhite
NA,RDL,NA,NA,cot,AA1,0.15,-1.89711998488588,1964,aawhite
NA,RDL,NA,NA,cot,AA1,0.17,-1.77195684193188,1944,aawhite
NA,RDL,NA,NA,caught,AA1,0.19,-1.66073120682165,1960,aawhite
NA,RDL,NA,NA,cot,AA1,0.21,-1.56064774826467,1960,aawhite
NA,RDL,NA,NA,caught,AA1,0.29,-1.23787435600162,1994,aawhite
NA,RDL,NA,NA,cot,AA1,0.28,-1.27296567581289,1994,aawhite
NA,RDL,NA,NA,caught,AA1,0.2,-1.6094379124341,1978,redacted
NA,RDL,NA,NA,cot,AA1,0.19,-1.66073120682165,1978,redacted
NA,RDL,NA,NA,caught,AA1,0.13,-2.04022082852655,1934,aawhite
NA,RDL,NA,NA,cot,AA1,0.19,-1.66073120682165,1934,aawhite
NA,RDL,NA,NA,caught,AA1,0.24,-1.42711635564015,1931,aawhite
NA,RDL,NA,NA,cot,AA1,0.22,-1.51412773262978,1931,aawhite
NA,RDL,NA,NA,caught,AA1,0.21,-1.56064774826467,1983,aawhite
NA,RDL,NA,NA,caught,AA1,0.24,-1.42711635564015,1965,redacted
NA,RDL,NA,NA,cot,AA1,0.21,-1.56064774826467,1965,redacted
NA,RDL,NA,NA,caught,AA1,0.21,-1.56064774826467,1955,aawhite
NA,RDL,NA,NA,cot,AA1,0.22,-1.51412773262978,1955,aawhite
NA,RDL,NA,NA,caught,AA1,0.19,-1.66073120682165,1972,aawhite
NA,RDL,NA,NA,cot,AA1,0.15,-1.89711998488588,1972,aawhite
NA,RDL,NA,NA,caught,AA1,0.24,-1.42711635564015,1943,aawhite
NA,RDL,NA,NA,cot,AA1,0.2,-1.6094379124341,1943,aawhite
NA,RDL,NA,NA,caught,AA1,0.23,-1.46967597005894,1942,aawhite
NA,RDL,NA,NA,cot,AA1,0.22,-1.51412773262978,1942,aawhite
NA,RDL,NA,NA,caught,AA1,0.18,-1.71479842809193,1960,aawhite
NA,RDL,NA,NA,cot,AA1,0.18,-1.71479842809193,1960,aawhite
NA,RDL,NA,NA,cot,AA1,0.17,-1.77195684193188,1996,redacted
NA,RDL,NA,NA,caught,AO1,0.14,-1.96611285637283,1996,redacted
NA,RDL,NA,NA,caught,AA1,0.14,-1.96611285637283,1999,redacted
NA,RDL,NA,NA,caught,AA1,0.23,-1.46967597005894,1990,abi
NA,RDL,NA,NA,cot,AA1,0.17,-1.77195684193188,1990,abi
NA,RDL,NA,NA,caught,AA1,0.17,-1.77195684193188,1938,redacted
NA,RDL,NA,NA,cot,AA1,0.16,-1.83258146374831,1938,redacted
NA,BAK,NA,NA,cot,AA1,0.269,-1.3130438993803,1946,abi
NA,BAK,NA,NA,caught,AO1,0.23,-1.46967597005894,1946,abi
NA,BAK,NA,NA,cot,AA1,0.21,-1.56064774826467,1931,aawhite
NA,BAK,NA,NA,caught,AO1,0.21,-1.56064774826467,1931,aawhite
NA,HUM,NA,NA,cot,AA1,0.22,-1.51412773262978,1928,aawhite
NA,HUM,NA,NA,caught,AO1,0.22,-1.51412773262978,1928,aawhite
NA,HUM,NA,NA,cot,AA1,0.25,-1.38629436111989,1987,aawhite
NA,HUM,NA,NA,caught,AO1,0.24,-1.42711635564015,1987,aawhite
NA,HUM,NA,NA,cot,AA1,0.241,-1.42295834549148,1954,aawhite
NA,HUM,NA,NA,caught,AO1,0.16,-1.83258146374831,1954,aawhite
NA,HUM,NA,NA,cot,AA1,0.33,-1.10866262452161,1966,aawhite
NA,HUM,NA,NA,caught,AO1,0.211,-1.55589714550607,1966,aawhite
NA,HUM,NA,NA,cot,AA1,0.25,-1.38629436111989,1991,aawhite
NA,HUM,NA,NA,caught,AO1,0.21,-1.56064774826467,1991,aawhite
NA,HUM,NA,NA,cot,AA1,0.29,-1.23787435600162,1958,abi
NA,HUM,NA,NA,caught,AO1,0.19,-1.66073120682165,1958,abi
NA,HUM,NA,NA,cot,AA1,0.21,-1.56064774826467,1985,aawhite
NA,HUM,NA,NA,caught,AO1,0.2,-1.6094379124341,1985,aawhite
NA,HUM,NA,NA,cot,AA1,0.19,-1.66073120682165,1988,abi
NA,HUM,NA,NA,caught,AO1,0.17,-1.77195684193188,1988,abi
NA,HUM,NA,NA,cot,AA1,0.23,-1.46967597005894,1980,aawhite
NA,HUM,NA,NA,caught,AO1,0.209,-1.56542102701733,1980,aawhite
NA,HUM,NA,NA,cot,AA1,0.219,-1.51868354916564,1964,aawhite
NA,HUM,NA,NA,caught,AO1,0.17,-1.77195684193188,1964,aawhite
NA,HUM,NA,NA,cot,AA1,0.279,-1.27654349716077,1930,aawhite
NA,HUM,NA,NA,caught,AO1,0.22,-1.51412773262978,1930,aawhite
NA,HUM,NA,NA,cot,AA1,0.19,-1.66073120682165,1968,redacted
NA,HUM,NA,NA,caught,AO1,0.191,-1.65548185093551,1968,redacted
NA,HUM,NA,NA,cot,AA1,0.27,-1.30933331998376,1975,aawhite
NA,HUM,NA,NA,caught,AO1,0.2,-1.6094379124341,1975,aawhite
NA,HUM,NA,NA,cot,AA1,0.189,-1.6660082639225,1968,aawhite
NA,HUM,NA,NA,caught,AO1,0.18,-1.71479842809193,1968,aawhite
NA,HUM,NA,NA,cot,AA1,0.25,-1.38629436111989,1921,aawhite
NA,HUM,NA,NA,caught,AO1,0.21,-1.56064774826467,1921,aawhite
NA,HUM,NA,NA,cot,AA1,0.31,-1.17118298150295,1989,aawhite
NA,HUM,NA,NA,caught,AO1,0.29,-1.23787435600162,1989,aawhite
NA,HUM,NA,NA,cot,AA1,0.33,-1.10866262452161,1951,aawhite
NA,HUM,NA,NA,caught,AO1,0.26,-1.34707364796661,1951,aawhite
NA,HUM,NA,NA,cot,AA1,0.229,-1.4740332754279,1996,aawhite
NA,HUM,NA,NA,caught,AO1,0.22,-1.51412773262978,1996,aawhite
NA,HUM,NA,NA,cot,AA1,0.25,-1.38629436111989,1971,aawhite
NA,HUM,NA,NA,caught,AO1,0.25,-1.38629436111989,1971,aawhite
NA,HUM,NA,NA,cot,AA1,0.26,-1.34707364796661,1990,aawhite
NA,HUM,NA,NA,caught,AO1,0.24,-1.42711635564015,1990,aawhite
NA,HUM,NA,NA,cot,AA1,0.219,-1.51868354916564,1992,aawhite
NA,HUM,NA,NA,caught,AO1,0.211,-1.55589714550607,1992,aawhite
NA,HUM,NA,NA,cot,AA1,0.26,-1.34707364796661,1945,aawhite
NA,HUM,NA,NA,caught,AO1,0.19,-1.66073120682165,1945,aawhite
NA,HUM,NA,NA,cot,AA1,0.33,-1.10866262452161,1980,redacted
NA,HUM,NA,NA,caught,AO1,0.23,-1.46967597005894,1980,redacted
NA,HUM,NA,NA,cot,AA1,0.24,-1.42711635564015,1984,redacted
NA,HUM,NA,NA,caught,AO1,0.22,-1.51412773262978,1984,redacted
NA,HUM,NA,NA,cot,AA1,0.23,-1.46967597005894,1991,aawhite
NA,HUM,NA,NA,caught,AO1,0.18,-1.71479842809193,1991,aawhite
NA,HUM,NA,NA,cot,AA1,0.3,-1.20397280432594,1993,abi
NA,HUM,NA,NA,caught,AO1,0.29,-1.23787435600162,1993,abi
NA,HUM,NA,NA,cot,AA1,0.23,-1.46967597005894,1948,aawhite
NA,HUM,NA,NA,caught,AO1,0.19,-1.66073120682165,1948,aawhite
NA,HUM,NA,NA,cot,AA1,0.3,-1.20397280432594,1988,aawhite
NA,HUM,NA,NA,caught,AO1,0.16,-1.83258146374831,1988,aawhite
NA,HUM,NA,NA,cot,AA1,0.26,-1.34707364796661,1987,aawhite
NA,HUM,NA,NA,caught,AO1,0.18,-1.71479842809193,1987,aawhite
NA,HUM,NA,NA,cot,AA1,0.22,-1.51412773262978,1938,aawhite
NA,HUM,NA,NA,caught,AO1,0.321,-1.13631415585212,1938,aawhite
NA,HUM,NA,NA,cot,AA1,0.231,-1.46533756846034,1943,aawhite
NA,HUM,NA,NA,caught,AO1,0.22,-1.51412773262978,1943,aawhite
NA,HUM,NA,NA,cot,AA1,0.311,-1.1679623668029,1985,aawhite
NA,HUM,NA,NA,caught,AO1,0.28,-1.27296567581289,1985,aawhite
NA,HUM,NA,NA,cot,AA1,0.2,-1.6094379124341,1976,aawhite
NA,HUM,NA,NA,caught,AO1,0.21,-1.56064774826467,1976,aawhite
NA,HUM,NA,NA,cot,AA1,0.349,-1.05268335677971,1977,redacted
NA,HUM,NA,NA,caught,AO1,0.28,-1.27296567581289,1977,redacted
NA,HUM,NA,NA,cot,AA1,0.381,-0.964955903855436,1997,aawhite
NA,HUM,NA,NA,cot,AA1,0.259,-1.3509272172826,1997,aawhite
NA,HUM,NA,NA,caught,AO1,0.18,-1.71479842809193,1997,aawhite
NA,HUM,NA,NA,caught,AO1,0.25,-1.38629436111989,1957,aawhite
NA,HUM,NA,NA,cot,AA1,0.171,-1.76609172247948,1950,aawhite
NA,HUM,NA,NA,caught,AO1,0.16,-1.83258146374831,1950,aawhite
NA,HUM,NA,NA,cot,AA1,0.22,-1.51412773262978,1970,abi
NA,HUM,NA,NA,caught,AO1,0.23,-1.46967597005894,1970,abi
NA,HUM,NA,NA,cot,AA1,0.199,-1.61445045425764,1988,aawhite
NA,HUM,NA,NA,caught,AO1,0.19,-1.66073120682165,1988,aawhite
NA,HUM,NA,NA,cot,AA1,0.2,-1.6094379124341,1978,aawhite
NA,HUM,NA,NA,caught,AO1,0.21,-1.56064774826467,1978,aawhite
NA,HUM,NA,NA,cot,AA1,0.29,-1.23787435600162,1964,aawhite
NA,HUM,NA,NA,caught,AO1,0.22,-1.51412773262978,1964,aawhite
NA,HUM,NA,NA,cot,AA1,0.261,-1.34323487165944,1957,aawhite
NA,HUM,NA,NA,caught,AO1,0.209,-1.56542102701733,1957,aawhite
NA,HUM,NA,NA,cot,AA1,0.281,-1.26940060964839,1960,aawhite
NA,HUM,NA,NA,caught,AO1,0.18,-1.71479842809193,1960,aawhite
NA,HUM,NA,NA,cot,AA1,0.349,-1.05268335677971,1995,redacted
NA,HUM,NA,NA,caught,AO1,0.22,-1.51412773262978,1995,redacted
NA,HUM,NA,NA,cot,AA1,0.25,-1.38629436111989,1992,aawhite
NA,HUM,NA,NA,caught,AO1,0.22,-1.51412773262978,1992,aawhite
NA,HUM,NA,NA,cot,AA1,0.35,-1.04982212449868,1929,abi
NA,HUM,NA,NA,caught,AO1,0.3,-1.20397280432594,1929,abi
NA,HUM,NA,NA,cot,AA1,0.19,-1.66073120682165,1987,aawhite
NA,HUM,NA,NA,caught,AO1,0.149,-1.90380897303668,1987,aawhite
NA,HUM,NA,NA,cot,AA1,0.32,-1.13943428318836,1946,aawhite
NA,HUM,NA,NA,caught,AO1,0.301,-1.20064501423326,1946,aawhite
NA,HUM,NA,NA,cot,AA1,0.221,-1.50959257746438,1991,aawhite
NA,HUM,NA,NA,caught,AO1,0.2,-1.6094379124341,1991,aawhite
NA,HUM,NA,NA,cot,AA1,0.22,-1.51412773262978,1939,abi
NA,HUM,NA,NA,caught,AO1,0.21,-1.56064774826467,1939,abi
NA,HUM,NA,NA,cot,AA1,0.29,-1.23787435600162,1982,aawhite
NA,HUM,NA,NA,caught,AO1,0.211,-1.55589714550607,1982,aawhite
NA,HUM,NA,NA,cot,AA1,0.29,-1.23787435600162,1980,aawhite
NA,HUM,NA,NA,caught,AO1,0.29,-1.23787435600162,1980,aawhite
NA,HUM,NA,NA,caught,AO1,0.379,-0.970219073899711,1949,aawhite
NA,HUM,NA,NA,cot,AA1,0.37,-0.994252273343867,1989,aawhite
NA,HUM,NA,NA,caught,AO1,0.2,-1.6094379124341,1989,aawhite
NA,HUM,NA,NA,cot,AA1,0.27,-1.30933331998376,1986,aawhite
NA,HUM,NA,NA,caught,AO1,0.21,-1.56064774826467,1986,aawhite
NA,HUM,NA,NA,cot,AA1,0.22,-1.51412773262978,1976,aawhite
NA,HUM,NA,NA,caught,AO1,0.17,-1.77195684193188,1976,aawhite
NA,HUM,NA,NA,cot,AA1,0.279,-1.27654349716077,1990,redacted
NA,HUM,NA,NA,caught,AO1,0.22,-1.51412773262978,1990,redacted
NA,HUM,NA,NA,cot,AA1,0.26,-1.34707364796661,1985,aawhite
NA,HUM,NA,NA,caught,AO1,0.22,-1.51412773262978,1985,aawhite
NA,HUM,NA,NA,cot,AA1,0.28,-1.27296567581289,1991,aawhite
NA,HUM,NA,NA,caught,AO1,0.25,-1.38629436111989,1991,aawhite
NA,HUM,NA,NA,cot,AA1,0.3,-1.20397280432594,1940,aawhite
NA,HUM,NA,NA,caught,AO1,0.34,-1.07880966137193,1940,aawhite
NA,HUM,NA,NA,cot,AA1,0.2,-1.6094379124341,1988,abi
NA,HUM,NA,NA,caught,AO1,0.19,-1.66073120682165,1988,abi
NA,HUM,NA,NA,cot,AA1,0.34,-1.07880966137193,1990,aawhite
NA,HUM,NA,NA,caught,AO1,0.289,-1.24132859086971,1990,aawhite
NA,HUM,NA,NA,cot,AA1,0.26,-1.34707364796661,1967,redacted
NA,HUM,NA,NA,caught,AO1,0.2,-1.6094379124341,1967,redacted
NA,HUM,NA,NA,cot,AA1,0.2,-1.6094379124341,1978,aawhite
NA,HUM,NA,NA,caught,AO1,0.16,-1.83258146374831,1978,aawhite
NA,HUM,NA,NA,cot,AA1,0.25,-1.38629436111989,1969,redacted
NA,HUM,NA,NA,cot,AA1,0.27,-1.30933331998376,1943,aawhite
NA,HUM,NA,NA,caught,AO1,0.231,-1.46533756846034,1943,aawhite
NA,HUM,NA,NA,cot,AA1,0.359,-1.02443289049386,1983,aawhite
NA,HUM,NA,NA,caught,AO1,0.239,-1.43129172705063,1983,aawhite
NA,HUM,NA,NA,cot,AA1,0.31,-1.17118298150295,1986,aawhite
NA,HUM,NA,NA,caught,AO1,0.17,-1.77195684193188,1986,aawhite
NA,HUM,NA,NA,cot,AA1,0.25,-1.38629436111989,1947,aawhite
NA,HUM,NA,NA,caught,AO1,0.21,-1.56064774826467,1947,aawhite
NA,HUM,NA,NA,cot,AA1,0.28,-1.27296567581289,1944,aawhite
NA,HUM,NA,NA,caught,AO1,0.221,-1.50959257746438,1944,aawhite
NA,HUM,NA,NA,cot,AA1,0.31,-1.17118298150295,1954,aawhite
NA,HUM,NA,NA,caught,AO1,0.35,-1.04982212449868,1954,aawhite
NA,HUM,NA,NA,cot,AA1,0.261,-1.34323487165944,1981,aawhite
NA,HUM,NA,NA,caught,AO1,0.18,-1.71479842809193,1981,aawhite
NA,HUM,NA,NA,cot,AA1,0.29,-1.23787435600162,1961,redacted
NA,HUM,NA,NA,caught,AO1,0.2,-1.6094379124341,1961,redacted
NA,HUM,NA,NA,cot,AA1,0.281,-1.26940060964839,1981,redacted
NA,HUM,NA,NA,caught,AO1,0.22,-1.51412773262978,1981,redacted
NA,HUM,NA,NA,cot,AA1,0.261,-1.34323487165944,1959,aawhite
NA,HUM,NA,NA,caught,AO1,0.35,-1.04982212449868,1959,aawhite
NA,HUM,NA,NA,cot,AA1,0.18,-1.71479842809193,1988,aawhite
NA,HUM,NA,NA,caught,AO1,0.22,-1.51412773262978,1988,aawhite
NA,HUM,NA,NA,cot,AA1,0.221,-1.50959257746438,1991,aawhite
NA,HUM,NA,NA,caught,AO1,0.161,-1.82635091399767,1991,aawhite
NA,HUM,NA,NA,cot,AA1,0.33,-1.10866262452161,1960,aawhite
NA,HUM,NA,NA,caught,AO1,0.22,-1.51412773262978,1960,aawhite
NA,HUM,NA,NA,cot,AA1,0.229,-1.4740332754279,1994,redacted
NA,HUM,NA,NA,caught,AO1,0.22,-1.51412773262978,1994,redacted
NA,HUM,NA,NA,cot,AA1,0.349,-1.05268335677971,1982,aawhite
NA,HUM,NA,NA,caught,AO1,0.301,-1.20064501423326,1982,aawhite
NA,HUM,NA,NA,cot,AA1,0.28,-1.27296567581289,1986,redacted
NA,HUM,NA,NA,caught,AO1,0.19,-1.66073120682165,1986,redacted
NA,HUM,NA,NA,cot,AA1,0.289,-1.2413285908697,1964,aawhite
NA,HUM,NA,NA,caught,AO1,0.23,-1.46967597005894,1964,aawhite
NA,HUM,NA,NA,cot,AA1,0.29,-1.23787435600162,1932,abi
NA,HUM,NA,NA,caught,AO1,0.34,-1.07880966137193,1932,abi
NA,HUM,NA,NA,cot,AA1,0.18,-1.71479842809193,1946,aawhite
NA,HUM,NA,NA,caught,AO1,0.19,-1.66073120682165,1946,aawhite
NA,HUM,NA,NA,cot,AA1,0.31,-1.17118298150294,1990,aawhite
NA,HUM,NA,NA,caught,AO1,0.26,-1.34707364796661,1990,aawhite
NA,HUM,NA,NA,cot,AA1,0.21,-1.56064774826467,1961,redacted
NA,HUM,NA,NA,caught,AO1,0.21,-1.56064774826467,1961,redacted
NA,HUM,NA,NA,caught,AO1,0.241,-1.42295834549148,1980,aawhite
NA,HUM,NA,NA,cot,AA1,0.21,-1.56064774826467,1952,abi
NA,HUM,NA,NA,caught,AO1,0.221,-1.50959257746438,1952,abi
NA,HUM,NA,NA,cot,AA1,0.26,-1.34707364796661,1981,aawhite
NA,HUM,NA,NA,caught,AO1,0.22,-1.51412773262978,1981,aawhite
NA,HUM,NA,NA,cot,AA1,0.17,-1.77195684193188,1956,aawhite
NA,HUM,NA,NA,caught,AO1,0.35,-1.04982212449868,1956,aawhite
NA,HUM,NA,NA,cot,AA1,0.269,-1.3130438993803,1946,aawhite
NA,HUM,NA,NA,caught,AO1,0.18,-1.71479842809193,1946,aawhite
NA,HUM,NA,NA,cot,AA1,0.231,-1.46533756846034,1956,aawhite
NA,HUM,NA,NA,caught,AO1,0.139,-1.97328134585145,1956,aawhite
NA,HUM,NA,NA,cot,AA1,0.279,-1.27654349716077,1984,aawhite
NA,HUM,NA,NA,caught,AO1,0.21,-1.56064774826467,1984,aawhite
NA,HUM,NA,NA,cot,AA1,0.23,-1.46967597005894,1945,aawhite
NA,HUM,NA,NA,caught,AO1,0.22,-1.51412773262978,1945,aawhite
NA,RDL,NA,NA,caught,AA1,0.17,-1.77195684193188,1999,redacted
NA,RDL,NA,NA,cot,AA1,0.16,-1.83258146374831,1999,redacted
NA,RDL,NA,NA,caught,AA1,0.28,-1.27296567581289,1950,aawhite
NA,RDL,NA,NA,cot,AA1,0.24,-1.42711635564015,1950,aawhite
NA,RDL,NA,NA,caught,AA1,0.19,-1.66073120682165,1992,abi
NA,RDL,NA,NA,cot,AA1,0.16,-1.83258146374831,1992,abi
NA,RDL,NA,NA,caught,AA1,0.17,-1.77195684193188,1954,aawhite
NA,RDL,NA,NA,cot,AA1,0.19,-1.66073120682165,1954,aawhite
NA,RDL,NA,NA,caught,AA1,0.13,-2.04022082852655,1961,aawhite
NA,RDL,NA,NA,cot,AA1,0.18,-1.71479842809193,1961,aawhite
NA,RDL,NA,NA,caught,AA1,0.3,-1.20397280432594,1985,aawhite
NA,RDL,NA,NA,caught,AA1,0.22,-1.51412773262978,1959,aawhite
NA,RDL,NA,NA,cot,AA1,0.22,-1.51412773262978,1959,aawhite
NA,RDL,NA,NA,cot,AA1,0.25,-1.38629436111989,2000,aawhite
NA,RDL,NA,NA,caught,AA1,0.23,-1.46967597005894,1994,aawhite
NA,RDL,NA,NA,cot,AA1,0.22,-1.51412773262978,1994,aawhite
NA,RDL,NA,NA,caught,AA1,0.2,-1.6094379124341,1952,aawhite
NA,RDL,NA,NA,cot,AA1,0.18,-1.71479842809193,1952,aawhite
NA,RDL,NA,NA,caught,AA1,0.21,-1.56064774826467,1985,redacted
NA,RDL,NA,NA,cot,AA1,0.18,-1.71479842809193,1985,redacted
NA,RDL,NA,NA,caught,AA1,0.23,-1.46967597005894,1946,aawhite
NA,RDL,NA,NA,cot,AA1,0.2,-1.6094379124341,1946,aawhite
NA,RDL,NA,NA,caught,AA1,0.18,-1.71479842809193,1980,redacted
NA,RDL,NA,NA,cot,AA1,0.21,-1.56064774826467,1980,redacted
NA,RDL,NA,NA,cot,AA1,0.2,-1.6094379124341,2000,abi
NA,RDL,NA,NA,cot,AA1,0.19,-1.66073120682165,1996,aawhite
NA,RDL,NA,NA,caught,AA1,0.19,-1.66073120682165,1939,aawhite
NA,RDL,NA,NA,cot,AA1,0.19,-1.66073120682165,1939,aawhite
NA,RDL,NA,NA,caught,AA1,0.24,-1.42711635564015,1966,abi
NA,RDL,NA,NA,cot,AA1,0.24,-1.42711635564015,1966,abi
NA,RDL,NA,NA,cot,AA1,0.27,-1.30933331998376,1954,aawhite
NA,RDL,NA,NA,caught,AO1,0.28,-1.27296567581289,1954,aawhite
NA,RDL,NA,NA,caught,AA1,0.19,-1.66073120682165,1964,aawhite
NA,RDL,NA,NA,cot,AA1,0.15,-1.89711998488588,1964,aawhite
NA,RDL,NA,NA,caught,AA1,0.24,-1.42711635564015,1963,aawhite
NA,RDL,NA,NA,cot,AA1,0.24,-1.42711635564015,1963,aawhite
NA,RDL,NA,NA,caught,AA1,0.18,-1.71479842809193,1967,aawhite
NA,RDL,NA,NA,cot,AA1,0.16,-1.83258146374831,1967,aawhite
NA,RDL,NA,NA,caught,AA1,0.22,-1.51412773262978,1946,redacted
NA,RDL,NA,NA,cot,AA1,0.2,-1.6094379124341,1946,redacted
NA,BAK,NA,NA,cot,AA1,0.29,-1.23787435600162,1970,aawhite
NA,BAK,NA,NA,caught,AO1,0.23,-1.46967597005894,1970,aawhite
NA,BAK,NA,NA,cot,AA1,0.29,-1.23787435600162,1957,aawhite
NA,BAK,NA,NA,caught,AO1,0.24,-1.42711635564015,1957,aawhite
NA,BAK,NA,NA,cot,AA1,0.269,-1.3130438993803,1930,aawhite
NA,BAK,NA,NA,caught,AO1,0.25,-1.38629436111989,1930,aawhite
NA,BAK,NA,NA,cot,AA1,0.189,-1.66600826392249,1978,redacted
NA,BAK,NA,NA,caught,AO1,0.189,-1.6660082639225,1978,redacted
NA,BAK,NA,NA,cot,AA1,0.27,-1.30933331998376,1982,aawhite
NA,BAK,NA,NA,caught,AO1,0.199,-1.61445045425764,1982,aawhite
NA,BAK,NA,NA,cot,AA1,0.2,-1.6094379124341,1966,abi
NA,BAK,NA,NA,caught,AO1,0.16,-1.83258146374831,1966,abi
NA,BAK,NA,NA,cot,AA1,0.15,-1.89711998488588,1994,abi
NA,BAK,NA,NA,caught,AO1,0.19,-1.66073120682165,1994,abi
NA,BAK,NA,NA,cot,AA1,0.21,-1.56064774826467,1949,abi
NA,BAK,NA,NA,caught,AO1,0.3,-1.20397280432594,1949,abi
NA,BAK,NA,NA,caught,AO1,0.291,-1.23443201181064,1948,aawhite
NA,BAK,NA,NA,cot,AA1,0.201,-1.60445037092306,1986,redacted
NA,BAK,NA,NA,caught,AO1,0.15,-1.89711998488588,1986,redacted
NA,BAK,NA,NA,cot,AA1,0.27,-1.30933331998376,1961,aawhite
NA,BAK,NA,NA,caught,AO1,0.201,-1.60445037092306,1961,aawhite
NA,BAK,NA,NA,cot,AA1,0.27,-1.30933331998376,1990,abi
NA,BAK,NA,NA,caught,AO1,0.16,-1.83258146374831,1990,abi
NA,BAK,NA,NA,cot,AA1,0.25,-1.38629436111989,1989,redacted
NA,BAK,NA,NA,caught,AO1,0.161,-1.82635091399767,1989,redacted
NA,BAK,NA,NA,cot,AA1,0.24,-1.42711635564015,1994,NA
NA,BAK,NA,NA,caught,AO1,0.14,-1.96611285637283,1994,NA
NA,BAK,NA,NA,cot,AA1,0.29,-1.23787435600162,1994,redacted
NA,BAK,NA,NA,caught,AO1,0.25,-1.38629436111989,1994,redacted
NA,BAK,NA,NA,cot,AA1,0.18,-1.71479842809193,1940,aawhite
NA,BAK,NA,NA,caught,AO1,0.19,-1.66073120682165,1940,aawhite
NA,BAK,NA,NA,cot,AA1,0.21,-1.56064774826467,1989,redacted
NA,BAK,NA,NA,cot,AA1,0.25,-1.38629436111989,1953,aawhite
NA,BAK,NA,NA,caught,AO1,0.259,-1.3509272172826,1953,aawhite
NA,BAK,NA,NA,cot,AA1,0.25,-1.38629436111989,1972,redacted
NA,BAK,NA,NA,caught,AO1,0.14,-1.96611285637283,1972,redacted
NA,BAK,NA,NA,cot,AA1,0.27,-1.30933331998376,1972,aawhite
NA,BAK,NA,NA,caught,AO1,0.23,-1.46967597005894,1972,aawhite
NA,BAK,NA,NA,cot,AA1,0.32,-1.13943428318836,1978,redacted
NA,BAK,NA,NA,caught,AO1,0.18,-1.71479842809193,1978,redacted
NA,BAK,NA,NA,cot,AA1,0.22,-1.51412773262978,1958,aawhite
NA,BAK,NA,NA,caught,AO1,0.19,-1.66073120682165,1958,aawhite
NA,BAK,NA,NA,cot,AA1,0.21,-1.56064774826467,1985,abi
NA,BAK,NA,NA,caught,AO1,0.15,-1.89711998488588,1985,abi
NA,BAK,NA,NA,cot,AA1,0.25,-1.38629436111989,1990,aawhite
NA,BAK,NA,NA,cot,AA1,0.25,-1.38629436111989,1988,aawhite
NA,BAK,NA,NA,caught,AO1,0.19,-1.66073120682165,1988,aawhite
NA,BAK,NA,NA,cot,AA1,0.16,-1.83258146374831,1972,redacted
NA,BAK,NA,NA,caught,AO1,0.18,-1.71479842809193,1972,redacted
NA,BAK,NA,NA,cot,AA1,0.25,-1.38629436111989,1986,aawhite
NA,BAK,NA,NA,caught,AO1,0.23,-1.46967597005894,1986,aawhite
NA,BAK,NA,NA,cot,AA1,0.21,-1.56064774826467,1960,aawhite
NA,BAK,NA,NA,caught,AO1,0.189,-1.66600826392249,1960,aawhite
NA,BAK,NA,NA,cot,AA1,0.3,-1.20397280432594,1962,aawhite
NA,BAK,NA,NA,caught,AO1,0.21,-1.56064774826467,1962,aawhite
NA,BAK,NA,NA,cot,AA1,0.27,-1.30933331998376,1952,abi
NA,BAK,NA,NA,caught,AO1,0.2,-1.6094379124341,1952,abi
NA,BAK,NA,NA,cot,AA1,0.25,-1.38629436111989,1992,redacted
NA,BAK,NA,NA,caught,AO1,0.261,-1.34323487165944,1992,redacted
NA,BAK,NA,NA,cot,AA1,0.26,-1.34707364796661,1984,aawhite
NA,BAK,NA,NA,caught,AO1,0.22,-1.51412773262978,1984,aawhite
NA,BAK,NA,NA,cot,AA1,0.17,-1.77195684193188,1948,redacted
NA,BAK,NA,NA,caught,AO1,0.141,-1.95899538860397,1948,redacted
NA,BAK,NA,NA,cot,AA1,0.21,-1.56064774826467,1922,aawhite
NA,BAK,NA,NA,cot,AA1,0.21,-1.56064774826467,1951,aawhite
NA,BAK,NA,NA,caught,AO1,0.16,-1.83258146374831,1951,aawhite
NA,BAK,NA,NA,caught,AO1,0.34,-1.07880966137193,1990,redacted
NA,BAK,NA,NA,cot,AA1,0.311,-1.1679623668029,1954,aawhite
NA,BAK,NA,NA,caught,AO1,0.19,-1.66073120682165,1954,aawhite
NA,BAK,NA,NA,cot,AA1,0.259,-1.3509272172826,1953,redacted
NA,BAK,NA,NA,caught,AO1,0.23,-1.46967597005894,1953,redacted
NA,BAK,NA,NA,cot,AA1,0.28,-1.27296567581289,1989,aawhite
NA,BAK,NA,NA,caught,AO1,0.3,-1.20397280432594,1989,aawhite
NA,BAK,NA,NA,cot,AA1,0.311,-1.1679623668029,1929,aawhite
NA,BAK,NA,NA,caught,AO1,0.25,-1.38629436111989,1929,aawhite
NA,BAK,NA,NA,cot,AA1,0.28,-1.27296567581289,1964,aawhite
NA,BAK,NA,NA,caught,AO1,0.27,-1.30933331998376,1964,aawhite
NA,BAK,NA,NA,cot,AA1,0.14,-1.96611285637283,1942,aawhite
NA,BAK,NA,NA,caught,AO1,0.21,-1.56064774826467,1942,aawhite
NA,BAK,NA,NA,cot,AA1,0.26,-1.34707364796661,1940,aawhite
NA,BAK,NA,NA,caught,AO1,0.23,-1.46967597005894,1940,aawhite
NA,BAK,NA,NA,cot,AA1,0.18,-1.71479842809193,1948,aawhite
NA,BAK,NA,NA,caught,AO1,0.19,-1.66073120682165,1948,aawhite
NA,BAK,NA,NA,cot,AA1,0.19,-1.66073120682165,1959,aawhite
NA,BAK,NA,NA,caught,AO1,0.17,-1.77195684193188,1959,aawhite
NA,BAK,NA,NA,cot,AA1,0.25,-1.38629436111989,1953,aawhite
NA,BAK,NA,NA,caught,AO1,0.18,-1.71479842809193,1953,aawhite
NA,BAK,NA,NA,cot,AA1,0.19,-1.66073120682165,1989,abi
NA,BAK,NA,NA,caught,AO1,0.24,-1.42711635564015,1989,abi
NA,BAK,NA,NA,cot,AA1,0.27,-1.30933331998376,1922,aawhite
NA,BAK,NA,NA,caught,AO1,0.26,-1.34707364796661,1922,aawhite
NA,BAK,NA,NA,cot,AA1,0.28,-1.27296567581289,1988,aawhite
NA,BAK,NA,NA,caught,AO1,0.231,-1.46533756846034,1988,aawhite
NA,BAK,NA,NA,cot,AA1,0.23,-1.46967597005894,1989,redacted
NA,BAK,NA,NA,caught,AO1,0.21,-1.56064774826467,1989,redacted
NA,BAK,NA,NA,cot,AA1,0.18,-1.71479842809193,1993,redacted
NA,BAK,NA,NA,caught,AO1,0.161,-1.82635091399767,1993,redacted
NA,BAK,NA,NA,cot,AA1,0.22,-1.51412773262978,1926,aawhite
NA,BAK,NA,NA,caught,AO1,0.191,-1.65548185093551,1926,aawhite
NA,BAK,NA,NA,cot,AA1,0.21,-1.56064774826467,1964,aawhite
NA,BAK,NA,NA,caught,AO1,0.17,-1.77195684193188,1964,aawhite
NA,BAK,NA,NA,cot,AA1,0.23,-1.46967597005894,1928,aawhite
NA,BAK,NA,NA,caught,AO1,0.22,-1.51412773262978,1928,aawhite
NA,BAK,NA,NA,cot,AA1,0.191,-1.65548185093551,1942,aawhite
NA,BAK,NA,NA,caught,AO1,0.19,-1.66073120682165,1942,aawhite
